id;geom
1;LINESTRING (18.024101257324215 59.337523121884225, 18.03852081298828 59.34391321930451, 18.042125701904297 59.35353986273416, 18.050880432128906 59.359883203744694, 18.056459426879883 59.36080179623859, 18.065214157104492 59.34964577662557)
2;LINESTRING (18.055858612060547 59.337829523857344, 18.03955078125 59.34098092660085, 18.025732040405273 59.34684525884261, 18.02109718322754 59.35830841590938, 18.014917373657227 59.359139563039015)
