id;geom
1;LINESTRING(18.05522129697668 59.335820514008,18.050801016520136 59.33614881818502,18.04796860380041 59.33905964310512,18.046037413309687 59.341029232754444,18.049084402750605 59.34262670491522,18.052775122355097 59.34328317853977,18.056809164713496 59.34273611806721,18.059298254679316 59.34006633652867)
2;LINESTRING(18.06192613490834 59.33718911266703,18.058492907369278 59.34090955766363,18.055746325338028 59.3436668010163,18.05866456874623 59.34515474411178,18.061754473531387 59.34567988493315,18.06089616664662 59.3476928495182)
