id;geom
1;LINESTRING (18.02783489227295 59.382217635118, 18.029701709747314 59.38209742057459, 18.03156852722168 59.3820537060895, 18.033907413482666 59.3819881342562, 18.036203384399414 59.38191163362374, 18.03922891616821 59.38161655813903, 18.039915561676025 59.38060016737066, 18.039872646331787 59.38006463739985, 18.039937019348145 59.37983512196629, 18.04079532623291 59.37986790998046, 18.041739463806152 59.37934329794932, 18.04332733154297 59.37840334776393, 18.043713569641113 59.37807545203531, 18.044657707214352 59.377266629016674, 18.045730590820312 59.37612987216947, 18.048477172851562 59.37387810670513, 18.049507141113278 59.37256632976239, 18.050365447998047 59.370642298482196, 18.052597045898438 59.36766858094364, 18.054141998291016 59.364257231023466, 18.05577278137207 59.35947857773455, 18.0560302734375 59.3577287881017, 18.055729866027832 59.356777302126794, 18.060622215270996 59.35544298951103, 18.060407638549805 59.354568001944635, 18.063325881958008 59.35255544494835, 18.06675910949707 59.35133035183773, 18.06873321533203 59.34951450751435, 18.071565628051758 59.34717345646849)
