step;id;edge_id;f_node;t_node;f_offset;length;dist
1;1;1;1;2;0.6;1;0.2
1;2;2;2;1;0.4;1;0.2
2;1;5;1;5;0.7;1;0.2
2;2;6;5;1;0.3;1;0.2
2;3;10;5;8;0;1;0.360555127546399
2;4;11;8;5;1;1;0.360555127546399
2;5;12;6;5;0.8;1;0.3
2;6;13;5;6;0.2;1;0.3
2;7;16;10;5;1;1;0.360555127546399
2;8;17;5;10;0;1;0.360555127546399
3;1;14;6;9;1;1;0.447213595499958
3;2;15;9;6;0;1;0.447213595499958
3;3;23;9;12;0.4;1;0.2
3;4;24;12;9;0.6;1;0.2
3;5;25;9;4;0;1;0.447213595499958
3;6;26;4;9;1;1;0.447213595499958
