id;geom
1;LINESTRING(1.65889830508474 0.25098870056497,1.65494350282486 0.701836158192091,2.4933615819209 1.76567796610169,5 5,3.54929378531073 1.88827683615819,4.13064971751412 2.45776836158192)
2;LINESTRING(1.65889830508474 0.25098870056497,1.65494350282486 0.701836158192091,2.4933615819209 1.76567796610169,5 5,3.7 3.8,3.54929378531073 1.88827683615819,4.13064971751412 2.45776836158192)
3;LINESTRING(1.65889830508474 0.25098870056497,1.65494350282486 0.701836158192091,2.4933615819209 1.76567796610169,3.4 3.9,3.7 3.8,3.54929378531073 1.88827683615819,4.13064971751412 2.45776836158192)
4;LINESTRING(5 5,1.65889830508474 0.25098870056497,1.65494350282486 0.701836158192091,2.4933615819209 1.76567796610169,3.54929378531073 1.88827683615819,4.13064971751412 2.45776836158192)
5;LINESTRING(1.65889830508474 0.25098870056497,1.65494350282486 0.701836158192091,2.4933615819209 1.76567796610169,3.54929378531073 1.88827683615819,4.13064971751412 2.45776836158192,5 5)
